[{"timestamp":"1564063366166","data":[{"pergunta":"Tive dificuldade de me acalmar","classe":"s","resposta":{"escolha":"r1","valor":"1"}},{"pergunta":"Minha boca ficou seca","classe":"a","resposta":{"escolha":"r0","valor":"0"}},{"pergunta":"Não tive nenhum sentimento positivo","classe":"d","resposta":{"escolha":"r0","valor":"0"}},{"pergunta":"Tive dificuldade de respirar","classe":"a","resposta":{"escolha":"r1","valor":"1"}},{"pergunta":"Não tinha iniciativa para fazer as coisas","classe":"d","resposta":{"escolha":"r0","valor":"0"}},{"pergunta":"Exagerei na reação em algumas situações","classe":"s","resposta":{"escolha":"r1","valor":"1"}},{"pergunta":"Tive tremedeira","classe":"a","resposta":{"escolha":"r2","valor":"2"}},{"pergunta":"Senti que estava sempre nervoso(a)","classe":"s","resposta":{"escolha":"r3","valor":"3"}},{"pergunta":"Fiquei preocupado(a) e pensando que poderia entrar em pânico","classe":"a","resposta":{"escolha":"r2","valor":"2"}},{"pergunta":"Senti que não tinha vontade de nada ","classe":"d","resposta":{"escolha":"r1","valor":"1"}},{"pergunta":"Senti que estava agitado(a)","classe":"s","resposta":{"escolha":"r0","valor":"0"}},{"pergunta":"Tive dificuldade de relaxar","classe":"s","resposta":{"escolha":"r1","valor":"1"}},{"pergunta":"Senti que estava triste e sem motivação","classe":"d","resposta":{"escolha":"r1","valor":"1"}},{"pergunta":"Não consegui tolerar as coisas e as pessoas que ficavam me atrapalhando","classe":"s","resposta":{"escolha":"r0","valor":"0"}},{"pergunta":"Eu senti que ia entrar em pânico","classe":"a","resposta":{"escolha":"r1","valor":"1"}},{"pergunta":"Nada me deixou entusiasmado(a) ou animado(a)","classe":"d","resposta":{"escolha":"r1","valor":"1"}},{"pergunta":"Eu senti que era uma pessoa sem valor","classe":"d","resposta":{"escolha":"r1","valor":"1"}},{"pergunta":"Eu estava sensível e emotivo(a)","classe":"s","resposta":{"escolha":"r1","valor":"1"}},{"pergunta":"Eu senti meu coração acelerar e/ou apertar","classe":"a","resposta":{"escolha":"r1","valor":"1"}},{"pergunta":"Eu senti medo sem motivo","classe":"a","resposta":{"escolha":"r1","valor":"1"}},{"pergunta":"Senti que a vida não tinha sentido","classe":"d","resposta":{"escolha":"r1","valor":"1"}}],"score":{"depression":"10","anxiety":"16","stress":"14"},"limite_inf":{"depression":{"extrema":"28","severa":"21","moderada":"14","suave":"10"},"anxiety":{"extrema":"20","severa":"15","moderada":"10","suave":"8"},"stress":{"extrema":"34","severa":"26","moderada":"19","suave":"15"}}},{"timestamp":"1564063404986","data":[{"pergunta":"Tive dificuldade de me acalmar","classe":"s","resposta":{"escolha":"r0","valor":"0"}},{"pergunta":"Minha boca ficou seca","classe":"a","resposta":{"escolha":"r0","valor":"0"}},{"pergunta":"Não tive nenhum sentimento positivo","classe":"d","resposta":{"escolha":"r1","valor":"1"}},{"pergunta":"Tive dificuldade de respirar","classe":"a","resposta":{"escolha":"r0","valor":"0"}},{"pergunta":"Não tinha iniciativa para fazer as coisas","classe":"d","resposta":{"escolha":"r1","valor":"1"}},{"pergunta":"Exagerei na reação em algumas situações","classe":"s","resposta":{"escolha":"r1","valor":"1"}},{"pergunta":"Tive tremedeira","classe":"a","resposta":{"escolha":"r0","valor":"0"}},{"pergunta":"Senti que estava sempre nervoso(a)","classe":"s","resposta":{"escolha":"r1","valor":"1"}},{"pergunta":"Fiquei preocupado(a) e pensando que poderia entrar em pânico","classe":"a","resposta":{"escolha":"r0","valor":"0"}},{"pergunta":"Senti que não tinha vontade de nada ","classe":"d","resposta":{"escolha":"r1","valor":"1"}},{"pergunta":"Senti que estava agitado(a)","classe":"s","resposta":{"escolha":"r1","valor":"1"}},{"pergunta":"Tive dificuldade de relaxar","classe":"s","resposta":{"escolha":"r0","valor":"0"}},{"pergunta":"Senti que estava triste e sem motivação","classe":"d","resposta":{"escolha":"r1","valor":"1"}},{"pergunta":"Não consegui tolerar as coisas e as pessoas que ficavam me atrapalhando","classe":"s","resposta":{"escolha":"r0","valor":"0"}},{"pergunta":"Eu senti que ia entrar em pânico","classe":"a","resposta":{"escolha":"r1","valor":"1"}},{"pergunta":"Nada me deixou entusiasmado(a) ou animado(a)","classe":"d","resposta":{"escolha":"r0","valor":"0"}},{"pergunta":"Eu senti que era uma pessoa sem valor","classe":"d","resposta":{"escolha":"r1","valor":"1"}},{"pergunta":"Eu estava sensível e emotivo(a)","classe":"s","resposta":{"escolha":"r0","valor":"0"}},{"pergunta":"Eu senti meu coração acelerar e/ou apertar","classe":"a","resposta":{"escolha":"r1","valor":"1"}},{"pergunta":"Eu senti medo sem motivo","classe":"a","resposta":{"escolha":"r0","valor":"0"}},{"pergunta":"Senti que a vida não tinha sentido","classe":"d","resposta":{"escolha":"r1","valor":"1"}}],"score":{"depression":"12","anxiety":"4","stress":"6"},"limite_inf":{"depression":{"extrema":"28","severa":"21","moderada":"14","suave":"10"},"anxiety":{"extrema":"20","severa":"15","moderada":"10","suave":"8"},"stress":{"extrema":"34","severa":"26","moderada":"19","suave":"15"}}}]